0;21 Dec 2016 15:19:20 GMT
2;21 Dec 2016 15:19:20 GMT
0;21 Dec 2016 15:19:20 GMT
0;21 Dec 2016 15:19:20 GMT
0;21 Dec 2016 15:19:20 GMT
2;21 Dec 2016 15:19:20 GMT
2;21 Dec 2016 15:19:20 GMT
0;21 Dec 2016 15:19:20 GMT
0;21 Dec 2016 15:19:20 GMT
0;21 Dec 2016 15:19:20 GMT
1;21 Dec 2016 15:19:20 GMT
1;21 Dec 2016 15:19:20 GMT
1;21 Dec 2016 15:19:20 GMT
1;21 Dec 2016 15:19:20 GMT
2;21 Dec 2016 15:19:20 GMT
3;21 Dec 2016 15:19:20 GMT
0;21 Dec 2016 15:19:20 GMT
0;21 Dec 2016 15:19:20 GMT
5;21 Dec 2016 15:19:20 GMT
0;21 Dec 2016 15:19:20 GMT
2;21 Dec 2016 15:19:20 GMT
